frequency,[0],[1],[2],[3],[4],[5],[6],[7],[8],[9],[10],[11],[12],[13],[14],[15],[16],[17],[18],[19],[20],[21],[22],[23],[24],[25],[26],[27],[28],[29],[30],[31],[32],[33],[34],[35],[36],[37],[38],[39],[40],[41],[42],[43],[44],[45],[46],[47],[48],[49],[50],[51],[52],[53],[54],[55],[56],[57],[58],[59],[60],[61],[62],[63],[64],[65],[66],[67],[68],[69],[70],[71],[72],[73],[74],[75],[76],[77],[78],[79],[80],[81],[82],[83],[84],[85],[86],[87],[88],[89],[90],[91],[92],[93],[94],[95],[96],[97],[98],[99]
0,3067,3072,3068,3069,3060,3072,3070,3061,3070,3070,3066,3068,3068,3071,3072,3067,3063,3063,3071,3070,3069,3067,3072,3062,3065,3068,3071,3074,3075,3068,3068,3074,3077,3069,3068,3059,3065,3070,3071,3059,3071,3071,3072,3080,3073,3075,3072,3073,3072,3058,3054,3069,3071,3071,3070,3069,3068,3071,3069,3066,3070,3072,3068,3056,3069,3069,3069,3070,3069,3064,3069,3070,3071,3076,3071,3073,3061,3051,3075,3071,3064,3068,3061,3061,3063,3067,3071,3063,3069,3069,3071,3070,3056,3063,3066,3072,3069,3070,3070,3055
1,3056,3068,3063,3074,3066,3059,3076,3071,3069,3070,3070,3074,3070,3069,3063,3067,3068,3067,3072,3065,3051,3065,3072,3071,3072,3055,3070,3059,3066,3071,3071,3068,3071,3071,3072,3063,3061,3068,3071,3063,3070,3057,3053,3056,3078,3061,3071,3072,3072,3067,3065,3072,3072,3071,3071,3075,3069,3072,3064,3084,3067,3073,3067,3075,3071,3070,3072,3066,3067,3074,3070,3073,3075,3075,3063,3067,3071,3070,3062,3072,3069,3071,3070,3072,3067,3070,3069,3068,3071,3069,3071,3076,3063,3073,3071,3066,3056,3067,3067,3072
2,2959,3072,3061,3076,3077,3069,3077,3073,3074,3067,3067,3066,3074,3063,3060,3072,3057,3065,3073,3075,3067,3069,3074,3075,3072,3059,3076,3081,3076,3068,3057,3066,3074,3077,3072,3074,3072,3063,3071,3071,3074,3072,3068,3066,3069,3056,3071,3066,3068,3064,3075,3069,3068,3072,3069,3076,3070,3071,3064,3067,3070,3070,3070,3070,3069,3067,3066,3072,3055,3069,3076,3072,3066,3076,3061,3067,3061,3076,3057,3067,3069,3078,3071,3071,3073,3069,3071,3061,3071,3078,3078,3076,3068,3067,3077,3075,3064,3074,3066,3077
3,3074,3071,3070,3067,3076,3071,3079,3068,3071,3072,3068,3071,3064,3071,3067,3076,3078,3075,3061,3071,3067,3074,3073,3075,3065,3065,3075,3083,3067,3071,3064,3071,3074,3068,3067,3067,3069,3073,3061,3073,3066,3068,3073,3083,3069,3055,3069,3068,3065,3064,3065,3077,3062,3077,3076,3075,3070,3065,3063,3066,3072,3066,3065,3075,3076,3066,3076,3074,3065,3073,3056,3069,3071,3073,3068,3061,3068,3072,3076,3070,3067,3065,3074,3075,3073,3075,3065,3068,3066,3065,3072,3067,3069,3055,3077,3070,3073,3076,3064,3071
4,3063,3070,3081,3066,3069,3067,3068,3078,3069,3069,3063,3072,3065,3075,3075,3066,3065,3063,3066,3071,3079,3061,3061,3059,3082,3067,3065,3075,3064,3083,3077,3079,3059,3070,3066,3071,3078,3081,3082,3077,3083,3056,3073,3078,3081,3063,3063,3080,3077,3066,3075,3080,3071,3068,3079,3084,3068,3072,3067,3068,3073,3071,3069,3065,3079,3072,3079,3080,3074,3087,3069,3055,3071,3065,3066,3078,3080,3068,3059,3077,3080,3068,3066,3081,3073,3077,3072,3061,3071,3067,3084,3075,3066,3077,3062,3077,3067,3055,3063,3078
5,3065,3061,3075,3059,3055,3059,3063,3079,3063,3081,3067,3082,3085,3075,3075,3079,3085,3061,3071,3076,3087,3085,3072,3075,3078,3088,3076,3067,3079,3087,3064,3062,3066,3072,3069,3064,3063,3088,3067,3060,3059,3063,3079,3080,3074,3087,3072,3065,3073,3075,3073,3072,3063,3069,3069,3072,3079,3083,3064,3053,3063,3076,3079,3051,3081,3067,3085,3067,3063,3071,3067,3080,3083,3066,3059,3060,3056,3086,3062,3072,3083,3084,3067,3078,3079,3081,3079,3058,3056,3063,3065,3072,3079,3060,3057,3076,3086,3084,3070,3082
6,3065,3061,3075,3059,3055,3059,3063,3079,3063,3081,3067,3082,3085,3075,3075,3079,3085,3061,3071,3076,3087,3085,3072,3075,3078,3088,3076,3067,3079,3087,3064,3062,3066,3072,3069,3064,3063,3088,3067,3060,3059,3063,3079,3080,3074,3087,3072,3065,3073,3075,3073,3072,3063,3069,3069,3072,3079,3083,3064,3053,3063,3076,3079,3051,3081,3067,3085,3067,3063,3071,3067,3080,3083,3066,3059,3060,3056,3086,3062,3072,3083,3084,3067,3078,3079,3081,3079,3058,3056,3063,3065,3072,3079,3060,3057,3076,3086,3084,3070,3082
7,3079,3052,3089,3075,3059,3057,3077,3068,3094,3088,3095,3051,3067,3048,3096,3089,3086,3092,3092,3075,3053,3098,3050,3090,3093,3094,3068,3098,3059,3096,3083,3051,3047,3046,3086,3069,3035,3102,3051,3082,3091,3100,3049,3051,3066,3099,3066,3045,3063,3088,3051,3050,3075,3092,3061,3083,3083,3091,3080,3068,3080,3087,3095,3089,3059,3060,3053,3077,3064,3095,3071,3094,3075,3074,3094,3092,3097,3051,3050,3076,3095,3053,3053,3061,3091,3050,3067,3075,3043,3101,3071,3071,3048,3047,3051,3101,3054,3034,3044,3052
8,3096,3037,3119,3068,3067,3017,3114,3071,3017,3083,3087,3035,2999,3003,3092,3035,3100,3083,3069,3145,3050,3089,2999,3015,3146,3087,3003,3134,3060,3137,3019,3126,3140,3017,3007,3003,3080,3060,3138,3111,3081,3087,3091,3020,3023,3094,3131,3007,3037,2996,3005,3088,3053,3035,3098,3088,3105,3061,3079,3027,3111,3127,3007,3140,3028,3061,3103,3082,3009,3068,3031,3144,3001,3005,3132,3075,3096,3046,3006,3041,3067,3016,3068,3011,3144,3047,3139,3044,2987,3003,3124,3028,3105,3022,2999,3068,3126,3049,3069,3089
9,3029,3099,3024,3119,3033,3058,3114,3015,3110,3083,3117,3128,3117,3042,3047,3105,3126,3035,3095,3103,3021,3059,3033,3119,3108,3057,3122,3104,3061,3073,3087,3032,3022,3111,3051,3093,3117,3060,3092,3095,3101,3031,3074,3046,3091,3114,3035,3107,3017,3053,3027,3042,3025,3121,3026,3046,3109,3044,3100,3120,3035,3070,3036,3050,3044,3057,3037,3116,3054,3018,3035,3077,3025,3063,3125,3114,3120,3067,3116,3113,3039,3101,3047,3028,3079,3043,3088,3051,3026,3034,3075,3023,3100,3071,3011,3039,3035,3067,3108,3104
10,3025,3037,3099,3038,3109,3034,3105,3105,3101,3045,3028,3061,3033,3107,3094,3065,3108,3047,3035,3044,3047,3103,3068,3083,3047,3055,3071,3053,3035,3067,3038,3056,3104,3098,3031,3093,3036,3100,3092,3056,3033,3034,3075,3078,3034,3054,3097,3049,3117,3108,3047,3032,3104,3114,3034,3059,3059,3045,3096,3085,3033,3047,3079,3103,3055,3058,3108,3113,3031,3031,3100,3068,3107,3041,3064,3039,3067,3044,3091,3108,3039,3028,3046,3103,3104,3037,3040,3093,3085,3067,3035,3111,3053,3106,3098,3097,3102,3070,3040,3040
11,3085,3105,3095,3111,3067,3089,3057,3040,3041,3029,3098,3042,3079,3049,3059,3095,3043,3104,3051,3062,3068,3100,3104,3037,3040,3039,3057,3055,3037,3054,3102,3083,3103,3041,3029,3084,3107,3056,3103,3075,3105,3073,3107,3084,3103,3041,3101,3073,3038,3042,3097,3109,3061,3078,3096,3095,3103,3090,3042,3036,3064,3039,3083,3109,3093,3075,3076,3103,3102,3106,3071,3039,3049,3044,3083,3058,3065,3108,3041,3078,3071,3056,3099,3058,3106,3099,3103,3071,3038,3077,3071,3102,3035,3042,3086,3034,3031,3074,3090,3103
12,3083,3115,3114,3073,3074,3099,3069,3058,3057,3099,3072,3039,3071,3105,3077,3030,3055,3103,3027,3117,3084,3115,3112,3109,3095,3107,3037,3109,3045,3057,3089,3083,3036,3090,3039,3031,3117,3030,3057,3032,3088,3048,3111,3068,3075,3094,3028,3017,3096,3050,3068,3107,3072,3082,3084,3091,3117,3026,3068,3075,3039,3116,3027,3039,3109,3069,3084,3118,3114,3028,3042,3047,3088,3032,3045,3051,3029,3114,3087,3092,3023,3043,3116,3114,3031,3115,3049,3114,3108,3013,3096,3071,3043,3108,3062,3031,3104,3078,3088,3040
13,3056,3148,3144,2997,3142,3125,3141,3031,3049,3005,2999,3145,3117,3029,3001,3007,3064,3133,3083,3098,3006,3018,3019,3131,3096,3103,3016,3147,3028,3076,3047,3088,3153,3102,3028,3007,3130,3091,3006,3135,3010,3138,3065,3119,3087,3144,3007,3093,3113,3045,3113,3061,3105,3142,3055,3133,3103,3007,3121,3111,3047,3133,3007,3076,3119,3131,3004,3137,3012,3019,3130,3024,3069,3095,3127,3076,3001,2997,3024,3105,3137,3013,3121,3105,3039,3071,3056,3026,3140,3047,3145,3008,2995,3014,3075,3018,3119,3127,3143,3043
14,3007,3111,3030,3102,3055,3055,3112,3045,3084,3092,3115,3115,3051,3045,3041,3066,3096,3107,3115,3074,3045,3040,3036,3031,3104,3036,3056,3062,3038,3103,3033,3075,3107,3089,3036,3103,3066,3086,3101,3024,3115,3053,3057,3039,3114,3053,3033,3032,3087,3039,3025,3035,3044,3107,3038,3034,3049,3093,3117,3069,3033,3063,3117,3064,3063,3029,3034,3071,3038,3056,3111,3035,3047,3093,3108,3104,3114,3063,3083,3035,3058,3103,3072,3093,3059,3087,3091,3058,3028,3088,3076,3062,3110,3078,3076,3104,3065,3053,3112,3114
15,3019,3053,3073,3041,3049,3067,3047,3083,3080,3081,3086,3061,3083,3087,3052,3055,3060,3066,3063,3084,3056,3087,3074,3080,3074,3089,3086,3039,3071,3080,3067,3066,3095,3092,3079,3095,3094,3087,3053,3085,3088,3047,3067,3050,3044,3066,3047,3063,3074,3065,3055,3050,3063,3090,3063,3078,3091,3075,3095,3096,3048,3080,3051,3050,3091,3058,3063,3094,3060,3089,3095,3077,3054,3092,3047,3087,3088,3077,3057,3057,3073,3064,3057,3089,3062,3083,3051,3063,3059,3053,3087,3059,3092,3053,3050,3073,3089,3087,3051,3050
16,3059,3058,3079,3089,3092,3068,3066,3057,3056,3064,3050,3060,3063,3062,3079,3061,3085,3068,3070,3050,3088,3070,3043,3069,3055,3056,3061,3061,3081,3087,3043,3061,3057,3085,3081,3058,3047,3088,3054,3091,3090,3053,3040,3043,3093,3089,3088,3053,3096,3061,3083,3045,3075,3098,3061,3076,3067,3098,3060,3076,3067,3051,3085,3093,3092,3069,3086,3084,3094,3061,3078,3080,3085,3082,3099,3084,3053,3088,3077,3085,3055,3094,3091,3065,3058,3079,3080,3066,3059,3058,3053,3069,3087,3088,3088,3055,3089,3081,3052,3081
17,3083,3089,3076,3085,3087,3076,3069,3067,3075,3060,3056,3087,3069,3067,3075,3082,3057,3059,3056,3047,3063,3088,3079,3091,3063,3079,3063,3082,3043,3047,3059,3067,3057,3089,3087,3079,3081,3087,3090,3057,3085,3059,3075,3056,3081,3083,3061,3061,3051,3076,3094,3054,3072,3078,3077,3069,3057,3087,3058,3060,3085,3094,3063,3061,3090,3085,3081,3071,3059,3091,3091,3059,3089,3057,3062,3071,3061,3071,3080,3073,3057,3085,3055,3039,3055,3087,3059,3069,3074,3065,3059,3086,3077,3091,3082,3080,3073,3093,3090,3066
18,3060,3062,3059,3071,3079,3052,3041,3075,3058,3072,3041,3059,3050,3084,3101,3055,3070,3092,3098,3083,3053,3067,3091,3073,3068,3039,3095,3063,3051,3053,3088,3091,3077,3091,3043,3047,3051,3050,3051,3056,3084,3091,3086,3098,3051,3048,3085,3097,3060,3087,3092,3097,3076,3087,3052,3090,3046,3085,3069,3088,3072,3055,3092,3067,3052,3072,3031,3094,3059,3083,3090,3072,3079,3080,3085,3098,3069,3063,3047,3062,3063,3096,3083,3049,3096,3083,3093,3052,3069,3091,3056,3101,3048,3085,3078,3089,3051,3075,3048,3054
19,3093,2934,2930,2923,2927,2976,2925,2942,2951,2983,2969,2971,2990,2983,2989,2988,2991,2936,2963,2975,2938,2923,2923,2978,2930,2966,2974,2939,2969,2923,2937,2940,2964,2950,2925,2963,2976,2931,2935,2959,2924,2949,2959,2954,2979,2948,2975,2974,2976,2949,2971,2967,2988,2949,2977,2940,2979,2927,2929,2976,2987,2973,2929,2973,2975,2955,2943,2928,2974,2927,2987,2978,2962,2927,2963,2967,2934,2983,2987,2989,2968,2947,2928,2985,2972,2975,2934,2936,2984,2988,2959,2940,2982,2951,2984,2984,2963,2935,2961,2987
20,2988,2950,3004,3013,2954,3000,2911,2914,3009,2921,2931,2931,2925,2995,2948,2907,3008,3006,2914,2908,2910,2937,2983,2928,2978,2987,2912,2951,2937,2955,2919,2910,2968,2976,2979,2927,2912,2996,2975,2992,2898,2911,2972,3006,2959,2904,2960,2907,2991,2990,3000,2969,2965,2971,2918,2912,2935,2927,3011,2919,2920,2913,2997,3005,3001,2909,2934,2905,2949,2915,2993,2903,2909,3008,2902,2896,2992,2974,2908,2908,3005,2978,3012,2933,2953,3007,2954,2896,2944,3008,2950,2915,2963,2927,2913,2929,3023,2900,2980,2981
21,2920,2903,2958,2903,2903,2897,3014,2893,2979,2901,2912,2905,2968,2952,2895,2908,3002,2988,3018,3021,2914,2903,2924,3015,2910,3017,3015,3009,2955,2983,3018,2998,2896,2916,2911,3004,2894,2957,2894,2999,2929,3001,2928,3016,2929,3019,3018,3021,2883,3004,2904,2916,2910,2893,3018,2963,2885,3011,2918,2993,2923,2943,3000,2901,2893,3015,2893,2951,2981,2993,2901,3012,3016,2982,2903,3004,2919,3002,2891,2903,2975,2944,2982,2920,3016,3006,3010,2895,2911,2910,2928,2886,3020,2892,2952,2957,2932,2894,2893,2954
22,2961,2969,3035,2876,3035,3024,2947,3001,2879,3036,2893,2931,2933,3002,2900,3018,2879,2959,3040,3015,2974,2915,2939,2897,2883,2992,2937,2964,3017,2965,3010,2910,2901,2874,2898,2936,2877,2891,2937,2904,3000,3002,2920,3014,2859,2881,3007,3039,2925,2934,2885,3025,2874,2876,2895,2877,2876,2923,2874,2916,3030,2924,2998,3015,3039,2986,2871,3007,2989,2888,3031,3015,3033,2880,2962,3032,2875,3043,2919,3035,2959,2977,3025,3005,2894,2937,2999,2907,2993,3023,3041,2951,2947,2981,2998,3019,2877,3013,3036,3026
23,2987,2863,2975,2844,3064,2880,3054,2845,3059,2880,2865,3064,3055,2999,2971,3067,2973,3046,2947,3019,2923,2877,3071,2962,2996,2950,2990,2890,3062,2955,3048,2879,2863,3062,2954,2883,3068,2872,2874,3025,2847,2851,2860,3024,2891,3041,2933,2847,3056,3060,2849,3071,3012,2927,3047,2849,2873,2917,2863,2903,2846,2887,3035,2959,2871,3067,2949,2855,3045,2949,3017,3062,3063,3063,2879,3063,2844,2992,2963,2921,2912,3017,3001,2843,3070,3064,2984,3024,3068,3050,2999,2862,2846,2839,2931,3067,2940,2842,2853,3055
24,2941,3048,2848,2919,3059,3015,3013,2946,3044,2993,2938,3054,3061,2856,2872,3040,3015,2885,2954,2919,2939,2889,2884,2889,2832,2924,3004,2871,2987,2863,3059,3030,3027,3023,2855,2914,2874,2956,2958,2879,2967,2967,2920,3062,3027,2868,2871,2857,3055,2927,2915,2992,2861,2855,3037,2857,2992,2936,2992,2877,2950,2929,2877,2999,2927,2917,2961,3037,2857,2975,2927,2964,2869,3024,2981,2864,2937,2929,2902,3004,3029,3032,3046,2975,2915,2922,3031,2878,3024,2856,2862,2912,3057,3026,3016,2860,2888,2987,2857,3042
25,2851,2924,2959,2945,2922,2989,2934,2933,2925,2990,2932,2979,2988,2932,2926,2963,2923,2933,2932,2986,2962,2941,2957,2977,2922,2973,2946,2942,2945,2947,2925,2949,2984,2992,2953,2925,2927,2971,2996,2952,2937,2983,2990,2975,2955,2933,2983,2926,2944,2957,2992,2929,2921,2991,2963,2992,2986,2984,2976,2967,2965,2930,2979,2933,2942,2989,2978,2975,2927,2965,2988,2923,2931,2972,2953,2945,2949,2983,2945,2927,2986,2919,2933,2949,2977,2950,2930,2956,2993,2987,2951,2945,2983,2950,2951,2993,2976,2991,2983,2928
26,2933,2949,2951,2951,2957,2953,2961,2957,2950,2947,2964,2964,2953,2935,2961,2959,2947,2948,2953,2957,2963,2951,2958,2944,2967,2951,2949,2943,2967,2963,2954,2954,2944,2965,2953,2949,2966,2935,2964,2952,2943,2951,2946,2959,2952,2950,2969,2965,2955,2957,2952,2971,2951,2946,2967,2967,2950,2948,2951,2975,2963,2944,2948,2963,2947,2963,2954,2946,2958,2950,2955,2957,2950,2963,2947,2960,2953,2964,2959,2948,2954,2949,2949,2955,2958,2959,2954,2955,2952,2954,2963,2947,2966,2959,2955,2956,2954,2948,2951,2963
27,2951,2942,2938,2964,2945,2959,2951,2950,2952,2949,2941,2971,2967,2950,2943,2960,2963,2972,2946,2955,2974,2968,2961,2959,2971,2960,2952,2940,2958,2933,2939,2950,2974,2950,2967,2966,2941,2957,2963,2967,2943,2966,2955,2951,2971,2955,2959,2943,2969,2955,2969,2939,2942,2969,2948,2939,2942,2969,2938,2966,2962,2973,2943,2944,2949,2970,2949,2938,2946,2973,2953,2962,2946,2951,2970,2970,2943,2968,2942,2958,2928,2956,2973,2956,2968,2971,2959,2945,2958,2946,2948,2974,2959,2952,2957,2944,2963,2942,2960,2952
28,2951,2969,2973,2927,2979,2978,2983,2956,2941,2923,2982,2962,2967,2971,2930,2985,2949,2969,2970,2982,2983,2975,2973,2973,2974,2971,2965,2938,2971,2960,2939,2936,2960,2935,2937,2978,2939,2948,2952,2955,2952,2950,2956,2935,2938,2982,2943,2987,2946,2929,2966,2963,2940,2976,2979,2986,2943,2938,2965,2982,2935,2955,2957,2974,2935,2949,2948,2950,2983,2977,2934,2978,2950,2949,2981,2939,2956,2983,2927,2945,2959,2960,2933,2967,2978,2947,2934,2974,2938,2966,2973,2975,2957,2971,2939,2955,2933,2934,2927,2937
29,2970,2984,2926,2928,2992,2966,2979,2935,2988,2985,2961,2925,2986,2989,2926,2968,2925,2929,2919,2995,2975,2981,2953,2989,2987,2974,2995,2961,2939,2939,2977,2951,2994,2993,2989,2964,2992,2930,2926,2942,2971,2991,2987,2927,2988,2935,2955,2938,2926,2951,2946,2932,2990,2952,2945,2976,2921,2934,2995,2955,2967,2955,2973,2990,2922,2953,2922,2935,2963,2956,2929,2978,2953,2939,2937,2994,2940,2985,2967,2927,2979,2946,2934,2957,2959,2985,2973,2911,2939,2956,2927,2974,2943,2992,2962,2961,2977,2951,2949,2925
30,2944,3012,2966,2992,2911,2916,2991,2975,2896,3001,3003,2941,2905,2987,2912,2920,2921,2976,3003,2995,2979,2914,2957,2930,2949,2910,3001,2983,2927,3002,2957,2963,3003,2969,2947,2975,2911,2919,2970,2946,3003,2997,2989,2943,2983,2915,3003,3011,2911,2989,3009,2936,2919,3008,2997,2993,2937,2971,2971,2950,2916,2989,2988,2943,2908,2977,2997,2988,2942,2917,2987,3000,2905,2927,2911,2964,3010,2935,2917,2926,2906,2987,2971,2911,2927,2915,2913,3008,2920,2934,2947,2921,2976,2975,2952,2973,2929,2999,2986,2907
31,2992,2939,2964,2998,2923,3001,3007,2996,2963,2895,3042,3018,2871,3042,2965,3030,2879,2960,3042,3035,3014,2875,2978,2979,2979,3033,2940,2961,2878,3000,3001,2878,2876,2922,2872,2904,3010,3015,3035,3035,2947,2893,2945,2917,2879,2981,2975,2933,2905,2913,2911,3023,2893,3037,2963,2970,2875,3006,3034,3031,2875,2877,3013,2900,2981,2992,3035,2949,3027,2944,2947,2989,2987,3016,2881,2956,2962,2932,2995,2914,2943,3036,2925,3032,2883,2945,2876,2870,2896,2935,3023,2986,2882,3019,2969,3019,3030,2909,3011,2941
32,2885,2863,3075,3054,3088,2847,2924,2881,3085,2995,3024,2813,2904,2831,2871,2960,2895,2863,2911,2946,3047,3104,3089,3087,2931,3101,2814,2999,3089,2831,2823,2885,2894,2813,2831,2895,3065,2861,2928,3095,3097,3029,3003,2824,3005,3036,2822,3087,2852,2924,2970,2928,2819,2863,2826,2819,3009,2851,2916,3056,2960,3079,2814,2822,2893,2863,2809,2811,3024,2853,3096,3057,2886,3072,2817,2992,2814,2831,3103,2815,3104,3062,2915,3056,2831,3056,3097,2960,2863,3101,2827,2818,3017,2907,3091,3100,2810,3001,3104,3099
33,2859,3121,2794,2767,2838,3088,2823,3057,2975,2960,2799,3152,2780,2869,2991,2993,2799,2767,3120,2959,3141,2775,3056,3091,2776,3073,3133,2969,3125,2928,2767,2831,3131,3070,3056,2991,3143,3029,2784,3125,2786,2842,3048,2764,2928,3032,3120,3115,2895,3072,3152,2770,2996,3050,3056,3120,2947,3088,2764,2779,2767,3133,2959,3088,2782,2887,2993,2927,3120,2919,2927,2837,2959,3075,2834,3080,3152,2799,2909,2795,3088,3118,3128,3120,2827,2955,2992,2763,2764,2765,2781,3076,2955,2932,2827,3142,2779,3126,2927,2799
34,2907,3059,3024,2868,3075,2836,2909,2941,2847,3055,3075,2864,3079,3065,3061,2892,3029,3079,3031,2885,2936,2927,3076,2894,3070,2938,3066,2842,2830,2960,2982,3041,2959,3080,3076,3051,2959,2854,3045,2886,2850,3056,3065,2992,2846,2863,2919,3000,3019,2945,3035,2940,2935,2858,3002,3040,3085,2839,3024,2903,2936,2995,3001,3075,2844,3055,3067,2949,2880,2941,2837,2855,2943,3031,2996,2940,3079,2872,3078,2908,2923,2959,2823,2831,2992,3024,2841,3056,3083,3070,3068,2991,2943,3044,2879,3039,3071,3056,2939,2999
35,3073,2891,2902,2875,2973,3022,2998,3032,3032,2991,2885,3015,2989,2880,2922,2990,2984,3022,3029,3024,2901,3030,3019,2891,2913,2933,2879,2885,3020,2992,2894,2928,2937,2902,2942,2933,2973,2923,2970,3033,2925,2888,2909,2955,3017,2888,3025,2883,2893,3022,3025,2914,2926,2891,2976,2894,2879,2957,2917,3022,3028,3032,2999,2967,2962,3037,2885,2942,2883,2869,3031,3028,3011,3036,2890,2882,3012,2967,2949,2963,2880,3022,3032,2925,2979,2935,2984,3039,2968,2942,2915,3033,3007,2950,2936,2883,2890,3027,3007,2945
36,2870,2989,2939,2921,2970,2995,2929,2989,2943,2969,2931,3005,2954,2964,2959,2905,2917,2977,2904,2923,2907,2971,2994,2947,3011,2989,2991,2970,3013,2944,2989,2938,2952,2978,2958,2953,2955,2930,2948,2944,2921,2930,2955,2981,2993,2911,2923,3010,3005,2909,2927,3006,2987,2906,2954,2988,2965,2994,2913,3011,2978,2955,2975,2994,2941,2999,2961,3000,3007,2999,2941,2898,2998,2965,2955,2975,2935,2915,2998,3003,2921,3015,2933,3011,2903,2914,2907,2957,2926,3011,2928,2951,2987,2924,3012,3003,2914,2997,2914,3005
37,3010,2931,2943,2939,2982,2932,2929,2971,2961,2926,2929,2948,2939,2934,2983,2925,2943,2969,2912,2940,2931,2970,2971,2986,2949,2971,2951,2988,2973,2926,2933,2987,2961,2975,2941,2975,2935,2953,2936,2956,2951,2972,2959,2923,2991,2941,2932,2946,2974,2953,2927,2990,2952,2947,2945,2965,2943,2944,2986,2942,2936,2965,2989,2993,2931,2966,2929,2954,2951,2944,2959,2980,2971,2959,2974,2981,2991,2976,2965,2934,2949,2937,2981,2987,2963,2940,2924,2927,2949,2929,2936,2982,2965,2957,2983,2923,2928,2948,2984,2931
38,2932,2943,2943,2957,2945,2955,2938,2943,2947,2951,2969,2940,2946,2970,2971,2964,2940,2960,2950,2943,2968,2947,2959,2946,2968,2949,2974,2954,2953,2971,2946,2950,2952,2965,2944,2971,2943,2948,2955,2947,2959,2946,2965,2955,2943,2965,2967,2951,2946,2964,2952,2955,2955,2971,2943,2958,2956,2971,2963,2947,2959,2948,2967,2953,2955,2951,2931,2957,2968,2939,2952,2947,2951,2960,2941,2948,2966,2963,2970,2975,2969,2970,2959,2947,2962,2967,2971,2963,2942,2970,2967,2957,2936,2964,2945,2946,2962,2959,2970,2947
39,2950,2967,2970,2954,2958,2946,2960,2961,2947,2938,2950,2954,2976,2974,2940,2972,2946,2943,2975,2972,2967,2950,2974,2942,2962,2970,2954,2947,2955,2965,2957,2945,2965,2944,2942,2948,2963,2956,2949,2966,2931,2947,2947,2954,2935,2953,2973,2963,2969,2960,2967,2943,2954,2968,2937,2952,2944,2974,2971,2967,2970,2935,2962,2959,2973,2969,2951,2946,2970,2959,2978,2959,2975,2951,2951,2969,2941,2969,2969,2964,2970,2948,2946,2975,2943,2973,2956,2943,2935,2976,2943,2928,2952,2969,2965,2965,2943,2975,2973,2959
40,2938,2973,2956,2966,2944,2967,2979,2958,2950,2949,2964,2939,2971,2925,2982,2983,2968,2973,2947,2978,2979,2943,2943,2941,2984,2975,2979,2944,2939,2957,2941,2967,2977,2940,2939,2943,2939,2935,2937,2940,2935,2968,2953,2948,2949,2964,2966,2965,2942,2984,2972,2934,2957,2938,2981,2938,2949,2968,2942,2969,2962,2979,2927,2971,2959,2929,2971,2933,2944,2950,2947,2981,2960,2969,2976,2950,2968,2973,2954,2975,2969,2976,2963,2941,2980,2982,2975,2972,2980,2940,2954,2940,2975,2972,2931,2938,2940,2980,2942,2954
41,2963,2959,2989,2990,2987,2923,2930,2968,2971,2959,2927,2995,2968,2947,2988,2980,2966,2971,2948,2987,2997,2994,2965,2994,2922,2979,2931,2963,2954,2934,2989,2925,2932,2937,2929,2982,2970,2926,2921,2968,2931,2940,2933,2933,2988,2969,2931,2922,2962,2960,2926,2925,2969,2927,2964,2982,2947,2969,2954,2987,2984,2994,2932,2991,2947,2929,2947,2948,2981,2943,2983,2929,2985,2983,2993,2990,2950,2992,2921,2982,2927,2928,2985,2959,2968,2994,2988,2974,2938,2941,2952,2998,2962,2981,2951,2909,2955,2994,2938,2987
42,2951,2992,2967,2919,2976,2916,2920,2997,2938,3002,2980,3002,2934,2919,2959,3007,3004,2998,2915,2922,2995,2921,2933,2908,2960,2920,2995,2957,2915,2984,2961,2923,2922,2914,2918,3002,2994,2927,2944,2960,2918,2932,2968,2920,2945,2926,2926,2991,2941,2973,2999,2958,3003,2923,2926,2920,2920,3005,3002,2997,2936,2926,3005,2990,2998,2993,2970,2911,2949,2911,2947,2949,2963,2987,2977,3002,2998,2918,2916,2991,2947,2922,2919,2966,2912,2982,2989,2998,2943,2917,2977,2996,2983,2935,3006,2975,2962,2992,2939,2934
43,2987,3015,2944,3020,2919,3001,2930,3021,2891,2996,3019,2966,2974,2916,3018,2953,2934,2992,2905,3006,2943,2894,3023,2904,2981,2957,2918,3001,2921,2959,3010,3016,2894,2922,3003,3015,3009,2903,3024,2974,2890,2992,3012,3019,3016,3018,3015,2895,2975,2899,3016,2926,2988,3021,3008,2974,2949,2919,2903,3020,2993,2915,3021,2902,2895,3022,2998,2951,2977,2895,2973,2900,2927,2998,2933,2963,2917,2917,2913,2911,2980,2901,2914,2894,2907,2927,2898,3010,2950,2895,3025,2988,3013,2947,2896,2984,2896,2911,2976,2889
44,3014,3057,3047,2862,2868,2971,2911,3008,3043,2968,3044,2927,2878,2863,3019,2909,2861,3052,2996,2870,2877,2861,2895,2865,3045,3055,2866,3052,2871,2998,2961,3026,2971,3031,2948,2889,2968,3039,2916,2983,3010,3039,3032,2967,3036,3005,3043,2921,2907,3053,2968,3031,2921,2918,2883,3017,2975,2857,3034,2873,3048,2925,2963,2867,3040,2911,2871,2932,2972,3011,3037,2981,2975,3024,2952,3003,3013,2888,2875,2871,2919,2874,2976,2981,2996,2862,2907,2985,2932,3008,3008,3015,3025,2876,2911,2863,2941,2861,2936,2856
45,3015,2821,2960,2824,2858,3067,2960,3080,2919,2861,3088,2849,2890,2995,3088,3062,2983,2890,3088,3076,2999,2992,2911,3058,2831,2928,3067,2830,3056,2927,2908,2867,3039,2924,3055,3087,2881,3069,3065,2959,2960,3029,3067,3068,2831,2927,3088,3055,2886,3062,2893,2992,3044,3058,2931,2851,2960,3071,2827,3077,2865,2910,2919,2911,3046,2831,3064,2909,3056,3078,3056,2842,3088,2819,3061,2970,2842,2923,3090,2851,2847,2996,2864,3079,2838,2841,2842,2863,3010,3071,2960,2997,3087,2828,3088,2928,3075,2842,3061,2815
46,2830,2964,3035,2863,3078,2979,2995,2860,2897,3061,2851,2888,2849,3033,3065,3048,2863,2911,2867,3025,3077,2889,3063,2879,3024,2917,2839,2927,2888,2992,3001,3067,2855,3024,3068,2943,2849,3036,2852,2846,3069,2905,2904,3065,2851,3012,2851,2871,2907,3030,3063,3069,3045,3035,2936,2931,3045,2838,2974,3063,3025,3029,2839,2839,2872,3069,2839,2872,2915,3071,3085,3066,2913,3042,2944,3071,3077,2945,2834,2871,2960,3056,2863,3072,2862,2918,3091,3071,2923,2856,2863,2851,3042,2975,2991,2838,3005,2959,3059,2831
47,2959,3115,3110,3110,3115,3056,3120,3100,3100,3053,3096,2791,3120,2795,2794,2863,2935,2831,3095,2959,2979,3055,2802,3107,2992,3100,2831,3051,2992,3120,2960,2850,3116,2820,3104,3113,2969,3088,3056,2799,2798,3103,3120,2799,3004,2863,3105,3056,3059,3060,2805,2928,2830,3068,3120,3024,2895,2849,2825,3118,2927,2831,2850,2815,2883,3107,2992,3056,2863,2908,2829,3101,3083,3088,2927,3007,3056,2799,2929,2831,2797,2800,2911,3120,2860,2822,2811,3010,3091,2890,3088,2991,2917,2960,2915,3030,3109,2795,3091,3120
48,2821,3134,3133,3134,2831,2921,2855,2779,3021,3120,3088,2864,2845,2780,3024,2992,3094,3088,2895,2796,2959,2780,3102,2991,3123,3140,3129,2847,3129,2951,2774,2987,3132,3138,3125,2847,2778,3024,3027,2834,2865,2903,3130,2877,3134,2902,2927,2779,3024,2992,3124,2790,2960,2767,3136,3131,3141,2775,2763,3099,2831,2787,2826,3120,2782,2784,3130,3099,2915,2844,3113,2864,3124,2761,3091,2863,2784,2960,3134,2780,2783,2886,2782,2780,3045,2779,2784,3056,3095,2895,3088,2784,2960,2798,3120,2778,3120,2797,2831,2936
49,2811,3155,2732,2947,2744,2741,2754,2719,3120,2741,2863,3166,2799,2768,2982,3120,2735,2930,2896,2737,3104,2960,2896,2735,2928,2721,2917,2731,2832,3088,3002,2953,3120,2723,3159,3145,2767,2895,2928,3033,2923,3168,3093,2895,2735,2992,3184,3076,3135,2864,2719,2739,3184,2767,2849,3120,2725,3152,2767,2722,2735,3023,3120,2772,3174,3062,2895,2901,2799,2899,2764,2960,3067,3184,2864,2724,3088,3172,2796,3088,2992,3184,3184,3184,2814,3095,3152,2959,2896,3159,2847,2731,2927,2896,2750,3184,2928,3068,2863,3023
50,3120,3152,2671,2620,2652,3021,3233,2736,2652,3280,3280,3120,3281,2693,3248,3152,3280,2639,2992,3280,2638,3184,2992,3248,2659,2671,2639,2992,2635,3235,2671,2672,2800,2987,2767,2628,2800,2703,3184,3280,2639,2671,2895,2928,2685,2864,2653,3280,3045,3139,3216,2992,3149,2639,2960,2631,2671,3248,2928,2639,3127,3248,2864,2671,2639,2991,2960,2639,3280,3281,2799,3051,3248,3184,2695,2671,2863,3122,3088,3184,3114,3235,2832,2624,2800,2620,2671,3120,2832,2647,3184,2664,2607,2607,3060,3312,3094,2703,2723,3248
51,2896,2768,3227,3088,3197,2927,2776,3152,3109,2671,2799,3248,2694,2671,2747,3088,3248,3115,3152,2799,2671,3140,3248,2692,2683,3184,2696,2703,3248,2804,2928,3248,2991,2768,2800,2799,3088,2675,2639,2671,3151,3024,3248,2800,2703,2715,2928,2832,3132,2863,2801,2739,2800,2767,2831,3248,3239,2863,3077,2799,2992,3216,2832,2992,3163,3191,3076,2692,2692,2927,3189,2703,3116,3248,2800,2831,3152,3162,3152,3139,2991,3056,2832,3024,3176,2832,2735,3280,2800,3219,2767,3215,2992,3088,3078,2767,3216,3022,2773,3055
52,2896,2923,2800,3216,2896,2690,3120,3076,2863,2863,2669,2992,2888,2768,3184,2928,2705,2685,2896,2735,3227,2691,2697,2928,2774,2948,2832,2703,3139,3195,3088,2691,2896,3152,3216,2705,3024,2799,2687,2689,3120,3120,2992,2703,2766,3072,2831,2694,2723,3056,3248,2735,3024,2773,2863,2864,3088,3056,3088,3088,3075,2735,3140,2768,3170,3031,3199,2896,3195,2992,2671,2799,2832,3219,2702,2895,2735,2896,3199,2831,2863,2927,3184,2767,2799,2831,2703,2863,2691,3200,2710,2831,2767,2896,2690,2671,2703,2671,3024,2895
53,3130,3082,2959,3170,3004,2896,2704,3120,3185,2960,3019,2768,2864,2767,3176,2767,3216,3216,3151,2703,2719,3175,3088,2703,3184,2864,2959,2992,3184,3216,2864,2767,3184,3216,2799,2864,2719,2992,3120,2703,3139,2735,3163,2708,2730,3216,3059,3136,3152,2927,3073,3216,2960,2928,2960,2988,3184,2697,3204,2927,3184,2803,2895,2831,2789,2951,2749,2831,2735,2895,2799,2860,2928,2784,2831,3160,3216,3216,2763,2735,2703,2895,2799,3141,3191,2712,2775,3071,2703,3154,2992,3037,2831,3004,2703,2896,2864,2831,2799,2896
54,3078,2928,3184,3173,2959,3088,3152,3127,2896,3152,3173,3051,3099,3139,3152,2767,3088,3184,3008,3088,2726,2732,3023,3171,3186,2868,2949,3048,2722,2992,3216,2831,3088,3095,2722,2723,3088,3188,3184,2960,2735,3056,3054,3148,3152,2832,2736,3152,3152,3180,3120,2723,2895,3180,3184,2976,2863,3175,3099,3189,2745,2727,2767,2713,2796,2831,2766,2927,3175,2726,2983,2992,3184,3148,3099,2893,2788,3184,2799,2733,2895,3190,2836,2776,3152,2762,2832,3152,2714,3088,2831,3147,2960,2800,2896,3184,2831,2735,2864,2720
55,3152,2959,2992,3024,3056,2928,3152,2799,2834,3120,3128,2873,2895,3132,2774,2863,3024,2882,3120,3127,3152,3115,3108,2950,3052,3061,2979,3056,2775,2787,2767,2903,2767,2992,3024,3140,2808,2863,3119,3122,2767,3118,3127,2761,2896,2831,2793,3152,2960,3056,3152,3011,3043,2767,3024,2992,2831,2885,3152,2888,2907,3119,2896,2928,2879,3029,3153,3105,2839,3120,2763,3152,3139,3056,3096,2767,3105,3131,2790,3088,2779,2863,2767,3152,2957,3080,2791,3047,3132,2799,3056,2895,3075,2934,2955,2767,3120,2991,2920,3125
56,2767,3084,2895,3030,2799,2831,2952,3117,3093,3011,3088,2871,3104,3120,3102,2882,3088,2879,3120,2857,2992,2796,2896,2976,3043,3120,3120,3039,3093,2992,2825,2818,2795,3059,2831,2959,3088,3094,3091,2790,2798,2864,2980,2831,3062,2804,2819,2895,2803,2960,2992,3116,2831,2792,3034,2854,2791,2811,3089,2979,3094,2927,2818,2830,2927,2992,2992,3120,2896,2810,2909,3116,3056,2975,3120,3118,2896,3120,2795,3120,3121,2798,2797,2934,2832,3056,2896,2963,2798,2863,2898,2816,2951,2831,3115,3090,3120,3120,3070,2991
57,3115,3093,2896,3088,2823,3007,2831,3099,2883,2811,3024,2863,3089,2833,2810,2808,2820,3061,3085,2993,2808,2807,2852,3088,2812,3045,2823,2931,2966,3015,3083,3056,2831,2895,3088,2914,2995,2799,2948,2805,2992,2845,2881,2992,2907,2831,3097,2853,2856,2847,2846,2900,2815,3030,3001,2815,2808,2960,2964,3091,3047,2962,3041,3087,2896,3088,3098,3087,2812,2821,2831,2855,2863,3032,3027,2834,2825,2975,3081,2831,2816,2888,2839,2818,2809,3073,2928,3059,3072,2831,3059,2827,3031,2831,3064,2812,2859,2831,3056,2817
58,3083,3002,3086,2911,3065,3090,3088,3069,2799,2863,3079,2821,2831,3029,3087,2816,3088,2929,3085,2909,3016,3056,2827,3060,3079,3087,2895,2831,3088,2992,2965,3088,2827,2831,2907,2823,3101,3088,3035,2960,2910,2961,2840,2896,2846,3050,3094,3020,2820,3068,2843,2926,2831,2817,3091,3096,3099,3068,3088,3091,3059,2831,2938,2867,2927,2976,2919,2927,2928,2928,3052,2831,3056,3011,3067,2992,2999,2943,3070,3062,2896,3066,2952,3078,2816,3093,3025,2863,3091,3092,2831,2827,2892,3042,3077,2992,2827,2819,3056,3088
59,2969,2832,2885,3056,2847,2896,2856,2987,3061,2853,2907,2911,3054,2880,2863,2974,3023,3072,3055,2851,3004,3039,3007,3056,3014,3036,2842,3077,3023,2848,2858,2881,3020,3003,2878,2843,3005,3056,3071,3019,2851,2849,2864,2869,2979,2837,3077,2895,2845,2848,3071,2928,2959,2897,3004,2847,2967,3039,2949,3033,3005,2846,3000,2964,3024,2880,2989,3013,2995,3009,2992,2882,2903,2941,2830,2935,2971,2979,2841,2843,2852,2908,2890,3024,3059,3024,2859,2849,2944,3024,2936,3049,3060,2895,2969,2925,3030,2992,3068,2841
60,2847,3034,3009,2865,2861,2867,3041,2939,2865,2865,2995,2943,2939,3027,2997,2874,2863,2857,3033,2969,2956,2878,3018,2900,3039,3029,2957,2869,2902,2952,2981,2863,3024,3005,2867,2865,2980,3042,2975,2867,2885,3046,2867,2972,3032,3049,3050,2866,2881,3038,2869,2879,3044,2895,2864,3052,2965,2871,2960,2867,2901,3037,3055,2983,2870,3046,3033,2991,2888,2968,2991,3005,3034,2898,2938,2898,3039,3039,3051,2979,2903,2869,2923,2915,2960,2869,3028,3045,2874,3024,3010,3043,2872,3024,2986,3045,2871,2943,2872,2916
61,2887,3011,2906,2960,2912,2955,2897,2985,2891,3022,3020,2989,2890,2925,2960,2985,3018,2912,3021,2951,2912,3012,2899,2992,3000,2947,2969,2887,2903,2960,2984,2905,2903,2997,2959,2903,2960,2923,2895,2987,3020,3005,2990,3022,2914,2958,2953,2991,2984,2901,2975,2965,2904,2890,3018,2899,2898,2893,3002,2992,3026,2911,2983,2942,2989,3024,2946,2896,2972,3002,2992,3014,2925,2940,2959,2949,3007,3021,2879,2891,2953,3021,2906,2930,2932,3015,2904,2899,3032,3014,2898,2893,2908,2997,2976,2997,2951,2971,2993,2907
62,2903,2920,2932,2919,2933,2994,2985,2996,2999,2970,2969,2937,2953,2969,2955,3004,2936,2956,2947,2945,2974,3000,2918,2964,2965,2944,2986,2983,2915,2991,2949,2995,2935,2994,2993,3001,2987,2911,2995,2947,2950,2943,2927,2990,2977,2967,2914,3000,2995,3000,2911,2998,2932,2918,2977,2991,2960,2958,2916,2995,2923,2969,2924,2946,2951,2975,2934,2941,2918,2945,2934,2916,2975,2939,2917,2975,2934,2924,2995,2979,2973,3000,2996,2923,2927,2963,2943,2984,2921,2922,2921,2915,2907,2982,2979,3000,2987,2999,2919,2971
63,2991,2946,2962,2992,2992,2991,2967,2919,2928,2956,2975,2984,2971,2971,2920,2964,2945,2928,2973,2928,2936,2982,2944,2936,2923,2969,2937,2943,2933,2927,2928,2949,2957,2912,2987,2957,2995,2937,2918,2982,2985,2994,2975,2929,2994,2985,2928,2927,2948,2967,2993,2986,2949,2957,2992,2987,2949,2997,2991,2923,2931,2925,2946,2934,2943,2955,2988,2937,2992,2956,2987,2909,2982,2992,2918,2924,2995,2907,2965,2954,2945,2931,2956,2921,2980,2994,2995,2932,2952,2986,2987,2969,2990,2975,2926,2981,2915,2985,2941,2941
64,2942,2988,2992,2976,2993,2979,2972,2990,2983,2932,2967,2927,2957,2926,2943,2932,2979,2956,2979,2921,2930,2983,2951,2946,2951,2982,2975,2995,2957,2948,2926,2932,2991,2978,2953,2930,2942,2945,2929,2989,2973,2958,2940,2985,2987,2928,2987,2991,2982,2946,2976,2955,2964,2966,2990,2951,2931,2925,2939,2965,2968,2967,2986,2941,2928,2970,2931,2985,2987,2943,2946,2935,2979,2973,2985,2963,2985,2977,2987,2954,2932,2925,2976,2951,2938,2929,2988,2963,2991,3003,2939,2950,2989,2947,2983,2923,2972,2975,2983,2968
65,2965,2988,2933,2986,2963,2964,2989,2951,2991,2934,2950,2926,2919,2988,2924,2990,2959,2928,2921,2941,2954,2984,2981,2936,2995,2996,2921,2932,2992,2982,2987,2965,2981,2973,2932,2994,2925,2987,2963,2970,2949,2974,2930,2928,2954,2973,2932,2992,2943,2931,2928,2919,2976,2947,2923,2959,2942,2956,2971,2939,2988,2992,2928,2951,2952,2978,2926,2928,2926,2935,2936,2940,2991,2992,2980,2939,2979,2971,2975,2940,2959,2974,2928,2983,2989,2976,2938,2958,2971,2941,2994,2953,2993,2946,2982,2939,2935,2967,2990,2945
66,2975,2975,2936,2977,2949,2937,2961,2973,2955,2974,2935,2941,2946,2939,2956,2977,2933,2976,2944,2941,2967,2937,2950,2959,2953,2982,2939,2959,2975,2966,2942,2966,2978,2932,2937,2934,2945,2973,2961,2976,2947,2958,2959,2948,2945,2967,2961,2985,2947,2975,2965,2969,2939,2954,2973,2937,2948,2944,2949,2945,2981,2947,2952,2969,2974,2933,2945,2964,2942,2968,2969,2952,2965,2955,2937,2956,2932,2964,2957,2967,2943,2943,2961,2945,2981,2951,2949,2942,2980,2955,2940,2978,2983,2982,2983,2949,2939,2971,2980,2972
67,2949,2981,2954,2965,2948,2961,2982,2935,2983,2934,2949,2937,2948,2970,2934,2946,2948,2959,2982,2936,2942,2975,2959,2941,2970,2981,2939,2963,2939,2948,2984,2984,2921,2981,2985,2949,2960,2985,2931,2940,2976,2982,2967,2977,2946,2954,2932,2969,2946,2972,2935,2952,2980,2966,2955,2969,2961,2956,2943,2943,2952,2973,2950,2947,2977,2956,2962,2947,2967,2956,2953,2973,2957,2944,2935,2945,2933,2939,2936,2973,2964,2959,2971,2943,2979,2969,2975,2944,2963,2971,2975,2946,2934,2963,2972,2955,2945,2955,2959,2954
68,2944,2970,2940,2951,2948,2935,2976,2981,2939,2983,2943,2967,2937,2932,2983,2928,2981,2955,2937,2964,2949,2979,2939,2950,2974,2939,2972,2957,2946,2935,2954,2936,2967,2941,2935,2964,2925,2982,2975,2949,2932,2941,2959,2979,2956,2946,2947,2973,2947,2983,2933,2967,2935,2971,2972,2944,2949,2947,2978,2977,2949,2980,2971,2953,2959,2943,2954,2979,2931,2970,2956,2964,2975,2948,2979,2968,2959,2942,2962,2974,2972,2969,2945,2974,2979,2981,2969,2937,2941,2966,2941,2956,2929,2977,2943,2938,2977,2938,2950,2942
69,2943,2964,2940,2938,2975,2956,2947,2970,2964,2971,2967,2937,2957,2932,2948,2970,2943,2948,2969,2972,2971,2962,2935,2973,2958,2965,2979,2959,2929,2976,2975,2945,2951,2926,2945,2986,2966,2942,2935,2961,2981,2942,2949,2941,2980,2936,2970,2942,2959,2966,2975,2931,2928,2980,2937,2965,2960,2943,2980,2981,2982,2951,2972,2979,2937,2943,2971,2934,2934,2942,2945,2952,2982,2935,2978,2969,2948,2975,2960,2981,2928,2936,2979,2953,2947,2983,2981,2947,2945,2975,2939,2937,2983,2975,2967,2972,2931,2934,2973,2975
70,2940,2936,2938,2954,2930,2942,2907,2963,2934,2983,2936,2957,2957,2949,2989,2934,2975,2957,2977,2909,2928,2991,2956,2969,2946,2966,2927,2946,2985,2963,2985,2929,2981,2951,2977,2933,2936,2936,2987,2943,2951,2952,2933,2925,2956,2939,2950,2940,2982,2982,2986,2974,2938,2941,2983,2981,2969,2978,2936,2978,2965,2963,2971,2951,2968,2931,2969,2977,2943,2979,2934,2970,2982,2949,2947,2932,2938,2933,2947,2982,2933,2945,2951,2940,2971,2988,2989,2987,2935,2977,2969,2931,2968,2977,2981,2950,2935,2967,2983,2954
71,2972,2984,2999,2972,2909,2923,2942,2920,2986,2951,2920,2982,2963,2915,2942,2943,2907,2990,2916,2942,2991,2962,2924,2956,2925,2953,2956,2973,2959,2978,2959,2982,2944,2977,2988,2925,2949,2917,2941,2974,2944,2997,2965,2912,2924,2935,2983,2999,2969,2967,2911,2999,2953,2925,2932,2914,2983,2980,2921,2973,2987,2935,2992,2962,2989,3001,2992,2929,2928,2920,2952,2993,2993,2937,2991,2980,2968,2954,2923,3002,2944,2955,2958,2924,2977,2983,2997,2926,2918,2967,2922,2955,2934,2997,2983,2996,2949,2999,2961,2994
72,2993,2986,2991,2935,2924,2977,2965,2926,2929,2943,2941,2955,2973,2951,2978,2958,2960,2924,2950,2917,2964,2981,2988,2919,2992,2989,2925,2983,2925,2983,2972,2979,2982,2956,2968,2985,2970,2937,2927,2952,2926,2980,2929,2927,2931,2928,2923,2943,2961,2992,2981,2975,2969,2930,2963,2930,2934,2939,2952,2922,2926,2962,2930,2984,2959,2951,2954,2975,2984,2975,2987,2989,2986,2985,2943,2967,2995,2983,2949,2959,2975,2972,2927,2959,2959,2931,2963,2951,2941,2966,2956,2921,2966,2928,2949,2971,2929,2927,2933,2937
73,2987,2957,2966,2933,2919,2925,2960,2945,2933,2989,2927,2928,2935,2926,2933,2980,2967,2936,2989,2950,2926,2952,2984,2985,2985,2961,2927,2989,2947,2954,2936,2942,2984,2981,2953,2937,2944,2959,2933,2968,2986,2972,2971,2964,2974,2969,2976,2960,2967,2929,2982,2949,2930,2947,2931,2953,2967,2925,2946,2927,2960,2935,2931,2971,2987,2973,2935,2989,2989,2945,2985,2985,2978,2943,2960,2935,2960,2934,2988,2995,2989,2975,2993,2939,2938,2997,2981,2989,2942,2980,2976,2971,2927,2935,2973,2978,2986,2975,2943,2967
74,2960,2968,2978,2935,2987,2931,2968,2960,2973,2981,2962,2949,2930,2936,2947,2932,2975,2943,2951,2930,2967,2933,2975,2919,2993,2981,2937,2941,2983,2985,2977,2931,2927,2927,2961,2937,2991,2972,2949,2953,2983,2923,2995,2971,2945,2954,2957,2979,2983,2957,2979,2930,2979,2971,2927,2933,2962,2922,2929,2984,2949,2953,2954,2930,2940,2930,2934,2972,2984,2935,2931,2985,2930,2929,2942,2975,2946,2959,2924,2975,2927,2940,2935,2960,2970,2939,2962,2934,2930,2973,2956,2973,2932,2936,2963,2982,2971,2968,2945,2995
75,2983,2979,2987,2967,2967,2985,2937,2984,2935,2960,2934,2928,2927,2983,2938,2968,2928,2962,2968,2953,2929,2988,2967,2960,2944,2935,2987,2983,2967,2925,2981,2934,2931,2981,2930,2990,2934,2953,2987,2967,2957,2979,2928,2939,2974,2964,2955,2921,2963,2970,2989,2978,2984,2994,2955,2934,2951,2960,2961,2947,2975,2975,2974,2943,2951,2968,2931,2978,2925,2933,2919,2987,2961,2972,2990,2969,2930,2978,2935,2985,2932,2932,2987,2937,2967,2937,2985,2960,2979,2956,2966,2931,2964,2983,2928,2928,2940,2927,2931,2976
76,2929,2977,2944,2966,2939,2955,2936,2927,2933,2961,2959,2925,2944,2984,2927,2970,2964,2955,2951,2939,2969,2947,2950,2973,2988,2987,2980,2946,2948,2959,2928,2922,2970,2988,2968,2949,2960,2948,2915,2976,2936,2964,2983,2943,2987,2967,2970,2929,2927,2974,2934,2928,2934,2932,2925,2973,2981,2937,2928,2935,2924,2974,2981,2975,2982,2933,2947,2986,2943,2955,2985,2983,2980,2976,2947,2975,2944,2938,2984,2968,2927,2946,2984,2932,2992,2953,2950,2933,2927,2983,2983,2967,2923,2984,2986,2933,2949,2933,2931,2932
77,2988,2971,2993,2960,2957,2985,2982,2955,2949,2936,2924,2953,2939,2973,2945,2920,2990,2962,2935,2989,2928,2945,2971,2944,2928,2989,2930,2985,2989,2961,2931,2985,2949,2947,2967,2926,2924,2932,2989,2933,2959,2943,2951,2933,2979,2923,2929,2988,2931,2980,2974,2950,2985,2993,2932,2977,2981,2977,2925,2968,2973,2933,2924,2932,2928,2951,2987,2946,2976,2938,2967,2976,2931,2959,2969,2976,2975,2935,2933,2985,2994,2933,2992,2958,2959,2935,2947,2929,2984,2982,2925,2932,2963,2924,2966,2977,2928,2980,2972,2984
78,2984,2976,2974,2925,2922,2938,2985,2935,2942,2980,2969,2991,2935,2954,2975,2931,2987,2988,2926,2959,2935,2933,2950,2939,2926,2926,2973,2955,2996,2965,2929,2958,2975,2990,2990,2964,2943,2975,2967,2935,2970,2939,2993,2956,2959,2979,2938,2935,2974,2960,2925,2927,2987,2946,2959,2988,2985,2953,2975,2928,2983,2991,2957,2950,2934,2930,2934,2991,2991,2937,2989,2958,2989,2990,2951,2933,2993,2928,2991,2953,2934,2980,2983,2986,2994,2992,2947,2912,2980,2926,2971,2937,2966,2960,2935,2926,2973,2945,2926,2946
79,2936,2955,2931,2939,3006,2952,2929,2979,2967,2943,2984,2965,2926,2962,2979,2932,2919,2968,2962,2928,2945,2931,2953,2926,2979,2993,2937,2927,2994,2932,2958,2921,2945,2942,2965,2992,2979,2926,2974,2935,2985,2935,2953,2990,2928,2945,2926,2957,2990,2915,2984,2958,2978,2994,2951,2988,2940,2930,2977,2942,2975,2935,2911,2924,2987,2975,2964,2912,2984,2931,2989,2960,2915,2985,2958,2990,2986,2923,2925,2927,2969,2960,2929,2994,2926,2926,2990,2979,2922,2979,2992,2963,2954,2977,2923,2989,2942,2984,2983,2944
80,2927,2928,2937,2926,2946,2979,2951,2985,2991,2999,2931,2921,2971,2919,2983,2935,2958,2923,2938,2979,2923,2926,2963,2986,2925,2924,2969,2921,2987,2984,2921,2943,2918,2961,2984,2959,2921,2991,2939,2937,2921,2990,2992,2943,2991,2996,2980,2948,2977,2923,2960,2967,2923,2978,2958,2967,2989,2940,2988,2989,3000,2973,2925,2937,2984,2987,2935,2919,2939,2979,2940,2927,2987,2923,2923,2969,2991,2985,2987,2960,2927,2996,2926,2946,2923,2925,2993,2948,2983,2995,2927,2984,2948,2997,2962,2990,2957,2927,2980,2929
81,2996,2976,2974,2992,2971,3000,2974,2943,2930,2939,2928,2944,2945,2915,2993,2924,2973,2953,2949,2961,2952,2961,2961,2961,2920,2991,2991,2962,2960,2972,2947,2922,2990,2968,2992,2976,2981,2944,2994,2994,2924,2943,2958,2983,2925,2935,2924,2991,2941,2984,2984,2932,2973,2985,2961,2924,2934,2957,2983,2928,2958,2969,2922,2966,2996,2931,2990,2998,2996,2975,2990,2990,2947,2969,2929,2951,2954,2920,2950,2925,2975,2942,2998,2925,2956,2942,2932,2989,2987,2996,2943,2922,2988,2979,2948,2976,2939,2950,2995,2991
82,2971,2951,2964,2939,2935,2928,2945,2968,2983,2987,2987,2954,2932,2937,2981,2925,2924,2977,2919,2999,2966,2958,2933,2987,2989,2919,2971,2969,2932,2921,2922,2919,2947,2950,2959,2925,2927,2918,2995,2975,2989,2918,2940,2991,2991,2975,2939,2921,2980,2994,2992,2918,2993,2989,2926,2923,2951,2950,2989,2963,2954,2947,2980,2991,2919,2913,2985,2946,2956,2931,2955,2992,2921,2961,2951,2966,2971,2977,2987,2982,2943,2982,2941,2920,2987,2980,2981,2999,2936,2948,2991,2943,2941,2943,2917,2961,2995,2999,2942,2981
83,2942,2943,2907,2947,2917,2919,2974,2999,2995,2917,2990,2923,2962,2944,2992,2928,2996,2962,2896,2949,2977,2975,2925,2963,2948,2990,2961,2996,2994,2977,2986,2930,2996,2911,2954,2995,2954,2914,2971,2994,2943,2950,2986,2952,2941,2938,2922,2994,2985,2929,2981,2918,2983,2990,2920,2911,2947,2931,2922,2924,2955,2964,2916,2958,2953,2953,2994,2913,2925,2919,2963,2916,2911,2977,2995,2932,2972,2956,2950,2935,2939,2992,2939,2930,2986,2939,2981,2985,2997,2921,2949,2907,2995,2919,2999,2995,2987,2994,2920,2978
84,2991,2991,2995,2998,2996,2953,2948,2928,2921,2979,2916,2920,2987,2997,3005,2915,2980,2916,2998,2908,2942,2939,2953,2939,2958,2943,3003,2917,2989,2935,2979,2932,2935,2999,2975,2935,2994,2950,2955,2950,2997,2959,2926,2977,2936,3006,2981,2918,2999,2981,2994,2997,2933,2985,2971,2939,2964,2982,2927,2953,2974,2944,2949,2911,2999,2969,2931,2910,2957,2912,2955,2992,2997,2936,2971,2926,3004,2925,2998,2965,2989,3003,2954,2955,2929,2969,2979,2978,2924,2988,2916,3002,2964,2945,2943,2994,2967,2985,2895,2999
85,2909,2933,2997,3003,2913,2930,3004,2998,2907,2915,2920,2917,2903,2934,2947,2954,2970,2939,2989,2963,2972,3003,2945,2967,2980,2906,2917,2908,2911,2915,3006,2935,3003,2978,2915,2959,2920,3002,2985,2991,2996,3008,2940,2922,2987,2999,2909,2942,2912,3004,3003,2968,2967,2996,2907,2926,2939,2912,2947,2906,2916,2918,3003,2983,2997,2943,2992,2907,2947,3001,2950,2977,2991,2995,2982,2980,2982,2919,3007,3006,2905,2926,2998,2967,2899,2920,2967,2927,2909,2911,2926,2912,2927,2981,2921,2925,2971,2966,2948,2974
86,2961,2992,2896,2928,3001,2930,2905,2971,3023,2902,2925,2887,2907,2900,2976,2951,2986,2966,3001,2983,3005,3004,3002,2992,2965,2992,2906,3011,2891,2899,2982,3010,2999,2910,2913,3011,2909,2901,2912,3016,2897,2896,2995,2939,2976,3005,3013,2948,2982,2992,2898,2978,3012,2939,3001,3015,2983,3002,2956,3005,2940,2922,3015,2979,2935,2939,2899,3014,2918,3003,2913,2925,2941,2898,3013,2928,3012,2966,2923,2941,2963,2971,3013,2999,2999,2919,2889,3003,2900,2883,2907,2915,2941,2966,2898,2938,2931,3007,3004,2947
87,2993,2908,2966,2892,2894,2997,2986,2992,3025,2883,3030,2935,2907,2884,2892,2889,2889,2904,2913,2877,3020,3020,2975,2975,2992,2973,3020,3023,2999,2881,2981,2935,2909,2908,2888,2881,2895,2963,2933,2951,3014,3024,2979,2960,2927,3006,2891,3024,3015,2992,3008,3006,2961,2894,2964,3000,2887,3021,2997,2947,2896,2964,2992,2899,2888,3005,2951,2901,2895,2895,3024,2898,3013,3034,2885,2892,3003,3009,2931,2893,3021,2937,3009,3023,3013,2923,2892,2915,2997,3027,2977,2907,2980,2895,2923,2890,3024,2889,2896,2927
88,2969,2879,2960,3027,2928,2939,2901,2867,2915,2874,2960,2992,3036,2904,2879,2889,3033,2940,2936,2936,2963,2870,2938,2941,2983,3037,3003,2879,2924,3041,2937,3014,2969,3024,2880,2969,3006,2989,2928,3010,2874,3001,2960,3035,3017,2911,3024,2976,3016,3037,3033,2882,2917,3023,3024,3035,2885,2869,2987,2985,2935,2871,2866,3037,2992,3015,3037,2913,2881,2961,3003,3043,2992,3037,3038,2886,2973,2976,2994,3038,3025,2873,2969,3027,3024,2887,2886,3024,2868,3010,2881,2965,2941,2870,3024,2979,2869,2884,3039,2880
89,2960,3055,3055,2996,2896,2853,3056,2849,3059,2928,3060,2934,2847,2876,2854,2896,3003,2992,2936,2899,2928,2896,2947,2992,2933,2928,2859,2906,2896,2836,3058,2848,2896,3051,2902,2912,2843,2879,3040,2911,2896,2881,2975,2869,3052,3024,2847,2942,3046,3032,2883,2927,2916,2934,2976,2873,3060,2960,2934,3024,2875,3061,2928,3027,2852,2845,2921,2836,2847,2877,3049,3059,2938,2844,3006,2931,2845,2992,2850,2872,2832,2853,2915,3058,2924,2970,2992,2891,3050,2849,2865,3035,2920,3024,2906,2975,3053,2871,3043,3048
90,2849,3011,2997,2998,2901,2960,2992,2831,2928,3031,2997,3063,2977,3066,3061,3030,2858,2825,2846,3046,2994,2996,3060,3058,2830,2960,3024,3028,2891,3073,2916,2992,3056,2871,2992,2824,2992,2826,2927,2828,2824,3059,3037,2912,3063,2983,2837,3060,3024,2927,3043,3005,3024,3024,2912,3054,3027,2896,2992,2845,3013,3000,3025,2879,3060,3029,2922,3024,3024,3064,2960,2992,2864,3005,2963,2928,2837,2960,2883,2864,2960,2834,3056,2837,3043,3062,3068,3032,3024,2875,2955,3000,2825,3063,2832,2997,2823,2824,2992,2891
91,3027,2926,2959,3000,2864,3068,2905,3026,2967,3060,3008,2841,2865,2928,2913,2842,2895,3060,2907,2873,3031,2992,3043,3035,2842,2863,2851,2849,2870,3007,3065,2899,2963,2837,3050,3040,3026,2855,2839,3053,3024,2834,2869,3039,3031,3036,3053,2992,2875,2969,2843,2847,3056,2883,2963,2928,3024,2992,2898,3059,2960,2872,2910,3059,2835,2875,2832,2970,2849,2896,2928,2927,2895,2850,2862,3024,3028,2896,3059,2851,2992,2839,3059,2927,3054,2839,2995,2904,3063,2986,2827,3064,2854,2895,2992,3066,3003,3046,2854,3021
92,2916,2975,2921,2998,3013,2960,2872,3031,3035,3034,3035,2992,3024,2921,2979,2947,2901,3029,3034,2876,2918,3015,3036,2875,2879,2992,2898,2938,3024,2864,2882,2868,2970,2912,2938,2881,2875,2960,2912,3007,3029,2885,2975,2862,3019,2967,2963,2995,2898,3000,2960,3002,2967,2963,2965,2969,2970,3032,2869,2875,2930,3037,3024,3033,3024,2918,3019,2985,3042,2872,2896,2973,2867,2941,2982,3035,2960,2895,2931,3039,3025,3037,2881,2905,2880,2877,3030,2887,3030,2938,2883,3018,2868,2996,2885,2895,2879,3005,3024,2919
93,2928,2891,2905,2982,3010,2895,2906,2901,2995,2926,2899,2994,2971,2935,2935,2957,2914,3006,2911,2982,2907,2961,2935,2960,2899,2948,2928,2895,2928,2963,2988,2927,2891,2899,3012,2940,2964,2975,2989,2933,2933,2902,2965,3012,2887,2968,2929,2960,2915,3000,2889,2911,2959,2945,3010,2974,3000,2920,2968,3005,2999,2894,3014,2927,3021,2995,2911,3014,3016,2972,2923,3005,2897,2903,2937,2906,3015,2965,2890,2956,2926,2893,2945,2941,2879,3009,2966,2889,2934,2928,2984,3012,2895,2908,3009,2895,2937,2990,2906,2987
94,2977,2903,2989,2956,2999,2939,2973,2992,2975,2930,2966,2949,2991,2918,3000,2910,2952,2958,2917,2998,2978,2995,2960,2967,2979,2939,2967,2983,2950,2910,2914,2930,2928,2907,2905,2985,2952,2990,2930,2906,2963,2915,2961,2920,2907,2931,3003,2992,2912,2980,2911,3000,3003,2912,2918,2993,2996,2983,2999,2923,3001,2917,2916,2921,2944,2967,2923,2948,2989,3001,2944,2956,2911,2994,3000,2997,2944,2915,2983,2985,2921,2974,2960,2982,2929,2911,2909,2941,2983,2933,2914,2944,2926,2915,2919,2945,2952,3001,2985,2925
95,2911,2939,2934,2941,2936,2982,2951,2973,2923,2989,2923,2927,2972,2959,2987,2971,2988,2988,2946,2962,2959,2971,2919,2978,2955,2979,2943,2990,2942,2986,2948,2947,2984,2934,2924,2975,2983,2911,2939,2977,2985,2975,2983,2923,2986,2969,2989,2940,2954,2974,2922,2989,2913,2947,2928,2972,2968,2976,2987,2988,2963,2979,2915,2928,2971,2919,2976,2995,2923,2967,2955,2969,2936,2991,2938,2967,2955,2981,2924,2986,2932,2946,2914,2933,2922,2930,2927,2966,2991,2965,2940,2924,2923,2992,2979,2967,2954,2931,2980,2986
96,2982,2933,2937,2973,2981,2985,2961,2981,2927,2974,2927,2917,2961,2975,2951,2934,2945,2954,2971,2966,2988,2931,2980,2973,2940,2939,2950,2978,2979,2923,2935,2929,2976,2932,2949,2933,2961,2934,2927,2925,2975,2985,2970,2919,2947,2989,2970,2961,2930,2951,2941,2945,2986,2983,2971,2931,2978,2954,2931,2963,2924,2951,2987,2987,2960,2916,2945,2935,2926,2945,2930,2939,2984,2945,2952,2953,2961,2963,2986,2967,2971,2963,2951,2978,2940,2956,2927,2925,2948,2944,2963,2971,2947,2971,2947,2977,2983,2985,2976,2957
97,2948,2975,2952,2956,2980,2927,2955,2964,2956,2976,2945,2964,2982,2964,2945,2937,2944,2938,2983,2994,2980,2939,2975,2976,2927,2943,2968,2970,2951,2980,2983,2983,2974,2945,2951,2971,2957,2964,2960,2948,2975,2938,2955,2945,2980,2932,2973,2972,2939,2931,2944,2975,2977,2955,2978,2955,2924,2942,2960,2946,2965,2931,2964,2937,2976,2939,2975,2943,2974,2919,2937,2958,2935,2975,2952,2935,2950,2969,2968,2939,2952,2935,2976,2938,2926,2971,2957,2981,2977,2982,2946,2927,2975,2953,2979,2933,2979,2959,2977,2983
98,2948,2978,2968,2953,2942,2939,2958,2970,2962,2949,2951,2941,2954,2927,2969,2950,2980,2938,2943,2976,2962,2943,2958,2958,2977,2937,2975,2975,2953,2946,2942,2966,2975,2940,2939,2953,2956,2971,2959,2975,2935,2947,2949,2948,2969,2947,2942,2941,2972,2972,2976,2938,2955,2950,2960,2950,2957,2948,2942,2974,2978,2959,2941,2965,2969,2943,2929,2979,2958,2972,2980,2957,2941,2973,2959,2948,2956,2976,2961,2940,2939,2955,2982,2947,2970,2982,2967,2975,2941,2946,2964,2964,2944,2968,2970,2960,2939,2976,2973,2936
99,2962,2962,2947,2948,2943,2956,2971,2974,2937,2963,2943,2976,2942,2970,2936,2943,2967,2955,2960,2959,2943,2963,2959,2966,2945,2971,2973,2971,2960,2981,2953,2963,2943,2943,2931,2966,2979,2973,2958,2944,2974,2953,2950,2945,2953,2973,2964,2947,2961,2947,2939,2945,2971,2969,2944,2970,2943,2968,2935,2941,2964,2933,2941,2973,2946,2964,2953,2956,2968,2959,2974,2975,2953,2951,2955,2937,2951,2943,2978,2974,2972,2973,2969,2941,2962,2964,2971,2951,2971,2976,2959,2949,2954,2944,2970,2970,2972,2945,2958,2947
100,2967,2973,2966,2942,2968,2974,2958,2964,2952,2967,2951,2943,2945,2938,2947,2943,2975,2954,2937,2945,2948,2967,2947,2961,2974,2949,2953,2945,2971,2977,2965,2943,2974,2948,2947,2962,2960,2959,2960,2951,2958,2973,2946,2961,2946,2941,2965,2976,2956,2973,2951,2945,2966,2959,2933,2959,2954,2955,2941,2963,2964,2970,2970,2952,2942,2934,2941,2966,2950,2945,2978,2942,2976,2947,2947,2951,2967,2967,2959,2945,2957,2975,2967,2971,2941,2961,2963,2961,2927,2972,2946,2972,2971,2946,2956,2945,2975,2948,2952,2945
,,,,,,,,,,,,,,,,,,,,,,,,,,,,,,,,,,,,,,,,,,,,,,,,,,,,,,,,,,,,,,,,,,,,,,,,,,,,,,,,,,,,,,,,,,,,,,,,,,,,
,,,,,,,,,,,,,,,,,,,,,,,,,,,,,,,,,,,,,,,,,,,,,,,,,,,,,,,,,,,,,,,,,,,,,,,,,,,,,,,,,,,,,,,,,,,,,,,,,,,,
,,,,,,,,,,,,,,,,,,,,,,,,,,,,,,,,,,,,,,,,,,,,,,,,,,,,,,,,,,,,,,,,,,,,,,,,,,,,,,,,,,,,,,,,,,,,,,,,,,,,
,,,,,,,,,,,,,,,,,,,,,,,,,,,,,,,,,,,,,,,,,,,,,,,,,,,,,,,,,,,,,,,,,,,,,,,,,,,,,,,,,,,,,,,,,,,,,,,,,,,,
,,,,,,,,,,,,,,,,,,,,,,,,,,,,,,,,,,,,,,,,,,,,,,,,,,,,,,,,,,,,,,,,,,,,,,,,,,,,,,,,,,,,,,,,,,,,,,,,,,,,
,,,,,,,,,,,,,,,,,,,,,,,,,,,,,,,,,,,,,,,,,,,,,,,,,,,,,,,,,,,,,,,,,,,,,,,,,,,,,,,,,,,,,,,,,,,,,,,,,,,,
,,,,,,,,,,,,,,,,,,,,,,,,,,,,,,,,,,,,,,,,,,,,,,,,,,,,,,,,,,,,,,,,,,,,,,,,,,,,,,,,,,,,,,,,,,,,,,,,,,,,
,,,,,,,,,,,,,,,,,,,,,,,,,,,,,,,,,,,,,,,,,,,,,,,,,,,,,,,,,,,,,,,,,,,,,,,,,,,,,,,,,,,,,,,,,,,,,,,,,,,,
,,,,,,,,,,,,,,,,,,,,,,,,,,,,,,,,,,,,,,,,,,,,,,,,,,,,,,,,,,,,,,,,,,,,,,,,,,,,,,,,,,,,,,,,,,,,,,,,,,,,
,,,,,,,,,,,,,,,,,,,,,,,,,,,,,,,,,,,,,,,,,,,,,,,,,,,,,,,,,,,,,,,,,,,,,,,,,,,,,,,,,,,,,,,,,,,,,,,,,,,,
,,,,,,,,,,,,,,,,,,,,,,,,,,,,,,,,,,,,,,,,,,,,,,,,,,,,,,,,,,,,,,,,,,,,,,,,,,,,,,,,,,,,,,,,,,,,,,,,,,,,
,,,,,,,,,,,,,,,,,,,,,,,,,,,,,,,,,,,,,,,,,,,,,,,,,,,,,,,,,,,,,,,,,,,,,,,,,,,,,,,,,,,,,,,,,,,,,,,,,,,,
,,,,,,,,,,,,,,,,,,,,,,,,,,,,,,,,,,,,,,,,,,,,,,,,,,,,,,,,,,,,,,,,,,,,,,,,,,,,,,,,,,,,,,,,,,,,,,,,,,,,
,,,,,,,,,,,,,,,,,,,,,,,,,,,,,,,,,,,,,,,,,,,,,,,,,,,,,,,,,,,,,,,,,,,,,,,,,,,,,,,,,,,,,,,,,,,,,,,,,,,,
,,,,,,,,,,,,,,,,,,,,,,,,,,,,,,,,,,,,,,,,,,,,,,,,,,,,,,,,,,,,,,,,,,,,,,,,,,,,,,,,,,,,,,,,,,,,,,,,,,,,
,,,,,,,,,,,,,,,,,,,,,,,,,,,,,,,,,,,,,,,,,,,,,,,,,,,,,,,,,,,,,,,,,,,,,,,,,,,,,,,,,,,,,,,,,,,,,,,,,,,,
,,,,,,,,,,,,,,,,,,,,,,,,,,,,,,,,,,,,,,,,,,,,,,,,,,,,,,,,,,,,,,,,,,,,,,,,,,,,,,,,,,,,,,,,,,,,,,,,,,,,
,,,,,,,,,,,,,,,,,,,,,,,,,,,,,,,,,,,,,,,,,,,,,,,,,,,,,,,,,,,,,,,,,,,,,,,,,,,,,,,,,,,,,,,,,,,,,,,,,,,,
,,,,,,,,,,,,,,,,,,,,,,,,,,,,,,,,,,,,,,,,,,,,,,,,,,,,,,,,,,,,,,,,,,,,,,,,,,,,,,,,,,,,,,,,,,,,,,,,,,,,
,,,,,,,,,,,,,,,,,,,,,,,,,,,,,,,,,,,,,,,,,,,,,,,,,,,,,,,,,,,,,,,,,,,,,,,,,,,,,,,,,,,,,,,,,,,,,,,,,,,,
,,,,,,,,,,,,,,,,,,,,,,,,,,,,,,,,,,,,,,,,,,,,,,,,,,,,,,,,,,,,,,,,,,,,,,,,,,,,,,,,,,,,,,,,,,,,,,,,,,,,
,,,,,,,,,,,,,,,,,,,,,,,,,,,,,,,,,,,,,,,,,,,,,,,,,,,,,,,,,,,,,,,,,,,,,,,,,,,,,,,,,,,,,,,,,,,,,,,,,,,,
,,,,,,,,,,,,,,,,,,,,,,,,,,,,,,,,,,,,,,,,,,,,,,,,,,,,,,,,,,,,,,,,,,,,,,,,,,,,,,,,,,,,,,,,,,,,,,,,,,,,
,,,,,,,,,,,,,,,,,,,,,,,,,,,,,,,,,,,,,,,,,,,,,,,,,,,,,,,,,,,,,,,,,,,,,,,,,,,,,,,,,,,,,,,,,,,,,,,,,,,,
,,,,,,,,,,,,,,,,,,,,,,,,,,,,,,,,,,,,,,,,,,,,,,,,,,,,,,,,,,,,,,,,,,,,,,,,,,,,,,,,,,,,,,,,,,,,,,,,,,,,
,,,,,,,,,,,,,,,,,,,,,,,,,,,,,,,,,,,,,,,,,,,,,,,,,,,,,,,,,,,,,,,,,,,,,,,,,,,,,,,,,,,,,,,,,,,,,,,,,,,,
,,,,,,,,,,,,,,,,,,,,,,,,,,,,,,,,,,,,,,,,,,,,,,,,,,,,,,,,,,,,,,,,,,,,,,,,,,,,,,,,,,,,,,,,,,,,,,,,,,,,
,,,,,,,,,,,,,,,,,,,,,,,,,,,,,,,,,,,,,,,,,,,,,,,,,,,,,,,,,,,,,,,,,,,,,,,,,,,,,,,,,,,,,,,,,,,,,,,,,,,,
,,,,,,,,,,,,,,,,,,,,,,,,,,,,,,,,,,,,,,,,,,,,,,,,,,,,,,,,,,,,,,,,,,,,,,,,,,,,,,,,,,,,,,,,,,,,,,,,,,,,
,,,,,,,,,,,,,,,,,,,,,,,,,,,,,,,,,,,,,,,,,,,,,,,,,,,,,,,,,,,,,,,,,,,,,,,,,,,,,,,,,,,,,,,,,,,,,,,,,,,,
,,,,,,,,,,,,,,,,,,,,,,,,,,,,,,,,,,,,,,,,,,,,,,,,,,,,,,,,,,,,,,,,,,,,,,,,,,,,,,,,,,,,,,,,,,,,,,,,,,,,
,,,,,,,,,,,,,,,,,,,,,,,,,,,,,,,,,,,,,,,,,,,,,,,,,,,,,,,,,,,,,,,,,,,,,,,,,,,,,,,,,,,,,,,,,,,,,,,,,,,,
,,,,,,,,,,,,,,,,,,,,,,,,,,,,,,,,,,,,,,,,,,,,,,,,,,,,,,,,,,,,,,,,,,,,,,,,,,,,,,,,,,,,,,,,,,,,,,,,,,,,
,,,,,,,,,,,,,,,,,,,,,,,,,,,,,,,,,,,,,,,,,,,,,,,,,,,,,,,,,,,,,,,,,,,,,,,,,,,,,,,,,,,,,,,,,,,,,,,,,,,,
,,,,,,,,,,,,,,,,,,,,,,,,,,,,,,,,,,,,,,,,,,,,,,,,,,,,,,,,,,,,,,,,,,,,,,,,,,,,,,,,,,,,,,,,,,,,,,,,,,,,
,,,,,,,,,,,,,,,,,,,,,,,,,,,,,,,,,,,,,,,,,,,,,,,,,,,,,,,,,,,,,,,,,,,,,,,,,,,,,,,,,,,,,,,,,,,,,,,,,,,,
,,,,,,,,,,,,,,,,,,,,,,,,,,,,,,,,,,,,,,,,,,,,,,,,,,,,,,,,,,,,,,,,,,,,,,,,,,,,,,,,,,,,,,,,,,,,,,,,,,,,
,,,,,,,,,,,,,,,,,,,,,,,,,,,,,,,,,,,,,,,,,,,,,,,,,,,,,,,,,,,,,,,,,,,,,,,,,,,,,,,,,,,,,,,,,,,,,,,,,,,,
,,,,,,,,,,,,,,,,,,,,,,,,,,,,,,,,,,,,,,,,,,,,,,,,,,,,,,,,,,,,,,,,,,,,,,,,,,,,,,,,,,,,,,,,,,,,,,,,,,,,
,,,,,,,,,,,,,,,,,,,,,,,,,,,,,,,,,,,,,,,,,,,,,,,,,,,,,,,,,,,,,,,,,,,,,,,,,,,,,,,,,,,,,,,,,,,,,,,,,,,,
,,,,,,,,,,,,,,,,,,,,,,,,,,,,,,,,,,,,,,,,,,,,,,,,,,,,,,,,,,,,,,,,,,,,,,,,,,,,,,,,,,,,,,,,,,,,,,,,,,,,
,,,,,,,,,,,,,,,,,,,,,,,,,,,,,,,,,,,,,,,,,,,,,,,,,,,,,,,,,,,,,,,,,,,,,,,,,,,,,,,,,,,,,,,,,,,,,,,,,,,,
,,,,,,,,,,,,,,,,,,,,,,,,,,,,,,,,,,,,,,,,,,,,,,,,,,,,,,,,,,,,,,,,,,,,,,,,,,,,,,,,,,,,,,,,,,,,,,,,,,,,
,,,,,,,,,,,,,,,,,,,,,,,,,,,,,,,,,,,,,,,,,,,,,,,,,,,,,,,,,,,,,,,,,,,,,,,,,,,,,,,,,,,,,,,,,,,,,,,,,,,,
,,,,,,,,,,,,,,,,,,,,,,,,,,,,,,,,,,,,,,,,,,,,,,,,,,,,,,,,,,,,,,,,,,,,,,,,,,,,,,,,,,,,,,,,,,,,,,,,,,,,
,,,,,,,,,,,,,,,,,,,,,,,,,,,,,,,,,,,,,,,,,,,,,,,,,,,,,,,,,,,,,,,,,,,,,,,,,,,,,,,,,,,,,,,,,,,,,,,,,,,,
,,,,,,,,,,,,,,,,,,,,,,,,,,,,,,,,,,,,,,,,,,,,,,,,,,,,,,,,,,,,,,,,,,,,,,,,,,,,,,,,,,,,,,,,,,,,,,,,,,,,
,,,,,,,,,,,,,,,,,,,,,,,,,,,,,,,,,,,,,,,,,,,,,,,,,,,,,,,,,,,,,,,,,,,,,,,,,,,,,,,,,,,,,,,,,,,,,,,,,,,,
,,,,,,,,,,,,,,,,,,,,,,,,,,,,,,,,,,,,,,,,,,,,,,,,,,,,,,,,,,,,,,,,,,,,,,,,,,,,,,,,,,,,,,,,,,,,,,,,,,,,
,,,,,,,,,,,,,,,,,,,,,,,,,,,,,,,,,,,,,,,,,,,,,,,,,,,,,,,,,,,,,,,,,,,,,,,,,,,,,,,,,,,,,,,,,,,,,,,,,,,,
,,,,,,,,,,,,,,,,,,,,,,,,,,,,,,,,,,,,,,,,,,,,,,,,,,,,,,,,,,,,,,,,,,,,,,,,,,,,,,,,,,,,,,,,,,,,,,,,,,,,
,,,,,,,,,,,,,,,,,,,,,,,,,,,,,,,,,,,,,,,,,,,,,,,,,,,,,,,,,,,,,,,,,,,,,,,,,,,,,,,,,,,,,,,,,,,,,,,,,,,,
,,,,,,,,,,,,,,,,,,,,,,,,,,,,,,,,,,,,,,,,,,,,,,,,,,,,,,,,,,,,,,,,,,,,,,,,,,,,,,,,,,,,,,,,,,,,,,,,,,,,
,,,,,,,,,,,,,,,,,,,,,,,,,,,,,,,,,,,,,,,,,,,,,,,,,,,,,,,,,,,,,,,,,,,,,,,,,,,,,,,,,,,,,,,,,,,,,,,,,,,,
,,,,,,,,,,,,,,,,,,,,,,,,,,,,,,,,,,,,,,,,,,,,,,,,,,,,,,,,,,,,,,,,,,,,,,,,,,,,,,,,,,,,,,,,,,,,,,,,,,,,
,,,,,,,,,,,,,,,,,,,,,,,,,,,,,,,,,,,,,,,,,,,,,,,,,,,,,,,,,,,,,,,,,,,,,,,,,,,,,,,,,,,,,,,,,,,,,,,,,,,,
,,,,,,,,,,,,,,,,,,,,,,,,,,,,,,,,,,,,,,,,,,,,,,,,,,,,,,,,,,,,,,,,,,,,,,,,,,,,,,,,,,,,,,,,,,,,,,,,,,,,
,,,,,,,,,,,,,,,,,,,,,,,,,,,,,,,,,,,,,,,,,,,,,,,,,,,,,,,,,,,,,,,,,,,,,,,,,,,,,,,,,,,,,,,,,,,,,,,,,,,,
,,,,,,,,,,,,,,,,,,,,,,,,,,,,,,,,,,,,,,,,,,,,,,,,,,,,,,,,,,,,,,,,,,,,,,,,,,,,,,,,,,,,,,,,,,,,,,,,,,,,
,,,,,,,,,,,,,,,,,,,,,,,,,,,,,,,,,,,,,,,,,,,,,,,,,,,,,,,,,,,,,,,,,,,,,,,,,,,,,,,,,,,,,,,,,,,,,,,,,,,,
,,,,,,,,,,,,,,,,,,,,,,,,,,,,,,,,,,,,,,,,,,,,,,,,,,,,,,,,,,,,,,,,,,,,,,,,,,,,,,,,,,,,,,,,,,,,,,,,,,,,
,,,,,,,,,,,,,,,,,,,,,,,,,,,,,,,,,,,,,,,,,,,,,,,,,,,,,,,,,,,,,,,,,,,,,,,,,,,,,,,,,,,,,,,,,,,,,,,,,,,,
,,,,,,,,,,,,,,,,,,,,,,,,,,,,,,,,,,,,,,,,,,,,,,,,,,,,,,,,,,,,,,,,,,,,,,,,,,,,,,,,,,,,,,,,,,,,,,,,,,,,
,,,,,,,,,,,,,,,,,,,,,,,,,,,,,,,,,,,,,,,,,,,,,,,,,,,,,,,,,,,,,,,,,,,,,,,,,,,,,,,,,,,,,,,,,,,,,,,,,,,,
,,,,,,,,,,,,,,,,,,,,,,,,,,,,,,,,,,,,,,,,,,,,,,,,,,,,,,,,,,,,,,,,,,,,,,,,,,,,,,,,,,,,,,,,,,,,,,,,,,,,
,,,,,,,,,,,,,,,,,,,,,,,,,,,,,,,,,,,,,,,,,,,,,,,,,,,,,,,,,,,,,,,,,,,,,,,,,,,,,,,,,,,,,,,,,,,,,,,,,,,,
,,,,,,,,,,,,,,,,,,,,,,,,,,,,,,,,,,,,,,,,,,,,,,,,,,,,,,,,,,,,,,,,,,,,,,,,,,,,,,,,,,,,,,,,,,,,,,,,,,,,
,,,,,,,,,,,,,,,,,,,,,,,,,,,,,,,,,,,,,,,,,,,,,,,,,,,,,,,,,,,,,,,,,,,,,,,,,,,,,,,,,,,,,,,,,,,,,,,,,,,,
,,,,,,,,,,,,,,,,,,,,,,,,,,,,,,,,,,,,,,,,,,,,,,,,,,,,,,,,,,,,,,,,,,,,,,,,,,,,,,,,,,,,,,,,,,,,,,,,,,,,
,,,,,,,,,,,,,,,,,,,,,,,,,,,,,,,,,,,,,,,,,,,,,,,,,,,,,,,,,,,,,,,,,,,,,,,,,,,,,,,,,,,,,,,,,,,,,,,,,,,,
,,,,,,,,,,,,,,,,,,,,,,,,,,,,,,,,,,,,,,,,,,,,,,,,,,,,,,,,,,,,,,,,,,,,,,,,,,,,,,,,,,,,,,,,,,,,,,,,,,,,
,,,,,,,,,,,,,,,,,,,,,,,,,,,,,,,,,,,,,,,,,,,,,,,,,,,,,,,,,,,,,,,,,,,,,,,,,,,,,,,,,,,,,,,,,,,,,,,,,,,,
,,,,,,,,,,,,,,,,,,,,,,,,,,,,,,,,,,,,,,,,,,,,,,,,,,,,,,,,,,,,,,,,,,,,,,,,,,,,,,,,,,,,,,,,,,,,,,,,,,,,
,,,,,,,,,,,,,,,,,,,,,,,,,,,,,,,,,,,,,,,,,,,,,,,,,,,,,,,,,,,,,,,,,,,,,,,,,,,,,,,,,,,,,,,,,,,,,,,,,,,,
,,,,,,,,,,,,,,,,,,,,,,,,,,,,,,,,,,,,,,,,,,,,,,,,,,,,,,,,,,,,,,,,,,,,,,,,,,,,,,,,,,,,,,,,,,,,,,,,,,,,
,,,,,,,,,,,,,,,,,,,,,,,,,,,,,,,,,,,,,,,,,,,,,,,,,,,,,,,,,,,,,,,,,,,,,,,,,,,,,,,,,,,,,,,,,,,,,,,,,,,,
,,,,,,,,,,,,,,,,,,,,,,,,,,,,,,,,,,,,,,,,,,,,,,,,,,,,,,,,,,,,,,,,,,,,,,,,,,,,,,,,,,,,,,,,,,,,,,,,,,,,
,,,,,,,,,,,,,,,,,,,,,,,,,,,,,,,,,,,,,,,,,,,,,,,,,,,,,,,,,,,,,,,,,,,,,,,,,,,,,,,,,,,,,,,,,,,,,,,,,,,,
,,,,,,,,,,,,,,,,,,,,,,,,,,,,,,,,,,,,,,,,,,,,,,,,,,,,,,,,,,,,,,,,,,,,,,,,,,,,,,,,,,,,,,,,,,,,,,,,,,,,
,,,,,,,,,,,,,,,,,,,,,,,,,,,,,,,,,,,,,,,,,,,,,,,,,,,,,,,,,,,,,,,,,,,,,,,,,,,,,,,,,,,,,,,,,,,,,,,,,,,,
,,,,,,,,,,,,,,,,,,,,,,,,,,,,,,,,,,,,,,,,,,,,,,,,,,,,,,,,,,,,,,,,,,,,,,,,,,,,,,,,,,,,,,,,,,,,,,,,,,,,
,,,,,,,,,,,,,,,,,,,,,,,,,,,,,,,,,,,,,,,,,,,,,,,,,,,,,,,,,,,,,,,,,,,,,,,,,,,,,,,,,,,,,,,,,,,,,,,,,,,,
,,,,,,,,,,,,,,,,,,,,,,,,,,,,,,,,,,,,,,,,,,,,,,,,,,,,,,,,,,,,,,,,,,,,,,,,,,,,,,,,,,,,,,,,,,,,,,,,,,,,
,,,,,,,,,,,,,,,,,,,,,,,,,,,,,,,,,,,,,,,,,,,,,,,,,,,,,,,,,,,,,,,,,,,,,,,,,,,,,,,,,,,,,,,,,,,,,,,,,,,,
,,,,,,,,,,,,,,,,,,,,,,,,,,,,,,,,,,,,,,,,,,,,,,,,,,,,,,,,,,,,,,,,,,,,,,,,,,,,,,,,,,,,,,,,,,,,,,,,,,,,
,,,,,,,,,,,,,,,,,,,,,,,,,,,,,,,,,,,,,,,,,,,,,,,,,,,,,,,,,,,,,,,,,,,,,,,,,,,,,,,,,,,,,,,,,,,,,,,,,,,,
,,,,,,,,,,,,,,,,,,,,,,,,,,,,,,,,,,,,,,,,,,,,,,,,,,,,,,,,,,,,,,,,,,,,,,,,,,,,,,,,,,,,,,,,,,,,,,,,,,,,
,,,,,,,,,,,,,,,,,,,,,,,,,,,,,,,,,,,,,,,,,,,,,,,,,,,,,,,,,,,,,,,,,,,,,,,,,,,,,,,,,,,,,,,,,,,,,,,,,,,,
,,,,,,,,,,,,,,,,,,,,,,,,,,,,,,,,,,,,,,,,,,,,,,,,,,,,,,,,,,,,,,,,,,,,,,,,,,,,,,,,,,,,,,,,,,,,,,,,,,,,
,,,,,,,,,,,,,,,,,,,,,,,,,,,,,,,,,,,,,,,,,,,,,,,,,,,,,,,,,,,,,,,,,,,,,,,,,,,,,,,,,,,,,,,,,,,,,,,,,,,,
,,,,,,,,,,,,,,,,,,,,,,,,,,,,,,,,,,,,,,,,,,,,,,,,,,,,,,,,,,,,,,,,,,,,,,,,,,,,,,,,,,,,,,,,,,,,,,,,,,,,
,,,,,,,,,,,,,,,,,,,,,,,,,,,,,,,,,,,,,,,,,,,,,,,,,,,,,,,,,,,,,,,,,,,,,,,,,,,,,,,,,,,,,,,,,,,,,,,,,,,,
,,,,,,,,,,,,,,,,,,,,,,,,,,,,,,,,,,,,,,,,,,,,,,,,,,,,,,,,,,,,,,,,,,,,,,,,,,,,,,,,,,,,,,,,,,,,,,,,,,,,
,,,,,,,,,,,,,,,,,,,,,,,,,,,,,,,,,,,,,,,,,,,,,,,,,,,,,,,,,,,,,,,,,,,,,,,,,,,,,,,,,,,,,,,,,,,,,,,,,,,,
,,,,,,,,,,,,,,,,,,,,,,,,,,,,,,,,,,,,,,,,,,,,,,,,,,,,,,,,,,,,,,,,,,,,,,,,,,,,,,,,,,,,,,,,,,,,,,,,,,,,
,,,,,,,,,,,,,,,,,,,,,,,,,,,,,,,,,,,,,,,,,,,,,,,,,,,,,,,,,,,,,,,,,,,,,,,,,,,,,,,,,,,,,,,,,,,,,,,,,,,,
,,,,,,,,,,,,,,,,,,,,,,,,,,,,,,,,,,,,,,,,,,,,,,,,,,,,,,,,,,,,,,,,,,,,,,,,,,,,,,,,,,,,,,,,,,,,,,,,,,,,
,,,,,,,,,,,,,,,,,,,,,,,,,,,,,,,,,,,,,,,,,,,,,,,,,,,,,,,,,,,,,,,,,,,,,,,,,,,,,,,,,,,,,,,,,,,,,,,,,,,,
,,,,,,,,,,,,,,,,,,,,,,,,,,,,,,,,,,,,,,,,,,,,,,,,,,,,,,,,,,,,,,,,,,,,,,,,,,,,,,,,,,,,,,,,,,,,,,,,,,,,
,,,,,,,,,,,,,,,,,,,,,,,,,,,,,,,,,,,,,,,,,,,,,,,,,,,,,,,,,,,,,,,,,,,,,,,,,,,,,,,,,,,,,,,,,,,,,,,,,,,,
,Add new expression,,,,,,,,,,,,,,,,,,,,,,,,,,,,,,,,,,,,,,,,,,,,,,,,,,,,,,,,,,,,,,,,,,,,,,,,,,,,,,,,,,,,,,,,,,,,,,,,,,,